"id","code","description","status","version"
"1","0111","Cultivo de cereales (excepto arroz), legumbres y semillas oleaginosas.","1","3"
"2","0010","Asalariados","1","3"
"3","0081","Personas Naturales sin Actividad Económica","1","3"
"4","0082","Personas Naturales Subsidiadas por Terceros","1","3"
"5","0090","Rentistas de Capital, solo para personas naturales.","1","3"
"6","0112","Cultivo de arroz.","1","3"
"7","0113","Cultivo de hortalizas, raíces y tubérculos.","1","3"
"8","0114","Cultivo de tabaco.","1","3"
"9","0115","Cultivo de plantas textiles.","1","3"
"10","0119","Otros cultivos transitorios n.c.p.","1","3"
"11","0121","Cultivo de frutas tropicales y subtropicales.","1","3"
"12","0122","Cultivo de plátano y banano.","1","3"
"13","0123","Cultivo de café.","1","3"
"14","0124","Cultivo de caña de azúcar.","1","3"
"15","0125","Cultivo de flor de corte.","1","3"
"16","0126","Cultivo de palma para aceite (palma africana) y otros frutos oleaginosos.","1","3"
"17","0127","Cultivo de plantas con las que se preparan bebidas.","1","3"
"18","0128","Cultivo de especias y de plantas aromáticas y medicinales.","1","3"
"19","0129","Otros cultivos permanentes n.c.p.","1","3"
"20","0130","Propagación de plantas (actividades de los viveros, excepto viveros forestales).","1","3"
"21","0141","Cría de ganado bovino y bufalino.","1","3"
"22","0142","Cría de caballos y otros equinos.","1","3"
"23","0143","Cría de ovejas y cabras.","1","3"
"24","0144","Cría de ganado porcino.","1","3"
"25","0145","Cría de aves de corral.","1","3"
"26","0149","Cría de otros animales n.c.p.","1","3"
"27","0150","Explotación mixta (agrícola y pecuaria).","1","3"
"28","0161","Actividades de apoyo a la agricultura.","1","3"
"29","0162","Actividades de apoyo a la ganadería.","1","3"
"30","0163","Actividades posteriores a la cosecha.","1","3"
"31","0164","Tratamiento de semillas para propagación.","1","3"
"32","0170","Caza ordinaria y mediante trampas y actividades de servicios conexas.","1","3"
"33","0210","Silvicultura y otras actividades forestales.","1","3"
"34","0220","Extracción de madera.","1","3"
"35","0230","Recolección de productos forestales diferentes a la madera.","1","3"
"36","0240","Servicios de apoyo a la silvicultura.","1","3"
"37","0311","Pesca marítima.","1","3"
"38","0312","Pesca de agua dulce.","1","3"
"39","0321","Acuicultura marítima.","1","3"
"40","0322","Acuicultura de agua dulce.","1","3"
"41","0510","Extracción de hulla (carbón de piedra).","1","3"
"42","0520","Extracción de carbón lignito.","1","3"
"43","0610","Extracción de petróleo crudo.","1","3"
"44","0620","Extracción de gas natural.","1","3"
"45","0710","Extracción de minerales de hierro.","1","3"
"46","0721","Extracción de minerales de uranio y de torio.","1","3"
"47","0722","Extracción de oro y otros metales preciosos.","1","3"
"48","0723","Extracción de minerales de níquel.","1","3"
"49","0729","Extracción de otros minerales metalíferos no ferrosos n.c.p.","1","3"
"50","0811","Extracción de piedra, arena, arcillas comunes, yeso y anhidrita.","1","3"
"51","0812","Extracción de arcillas de uso industrial, caliza, caolín y bentonitas.","1","3"
"52","0820","Extracción de esmeraldas, piedras preciosas y semipreciosas.","1","3"
"53","0891","Extracción de minerales para la fabricación de abonos y productos químicos.","1","3"
"54","0892","Extracción de halita (sal).","1","3"
"55","0899","Extracción de otros minerales no metálicos n.c.p.","1","3"
"56","0910","Actividades de apoyo para la extracción de petróleo y de gas natural.","1","3"
"57","0990","Actividades de apoyo para otras actividades de explotación de minas y canteras.","1","3"
"58","1011","Procesamiento y conservación de carne y productos cárnicos.","1","3"
"59","1012","Procesamiento y conservación de pescados, crustáceos y moluscos.","1","3"
"60","1020","Procesamiento y conservación de frutas, legumbres, hortalizas y tubérculos.","1","3"
"61","1030","Elaboración de aceites y grasas de origen vegetal y animal.","1","3"
"62","1040","Elaboración de productos lácteos.","1","3"
"63","1051","Elaboración de productos de molinería.","1","3"
"64","1052","Elaboración de almidones y productos derivados del almidón.","1","3"
"65","1061","Trilla de café.","1","3"
"66","1062","Descafeinado, tostión y molienda del café.","1","3"
"67","1063","Otros derivados del café.","1","3"
"68","1071","Elaboración y refinación de azúcar.","1","3"
"69","1072","Elaboración de panela.","1","3"
"70","1081","Elaboración de productos de panadería.","1","3"
"71","1082","Elaboración de cacao, chocolate y productos de confitería.","1","3"
"72","1083","Elaboración de macarrones, fideos, alcuzcuz y productos farináceos similares.","1","3"
"73","1084","Elaboración de comidas y platos preparados.","1","3"
"74","1089","Elaboración de otros productos alimenticios n.c.p.","1","3"
"75","1090","Elaboración de alimentos preparados para animales.","1","3"
"76","1101","Destilación, rectificación y mezcla de bebidas alcohólicas.","1","3"
"77","1102","Elaboración de bebidas fermentadas no destiladas.","1","3"
"78","1103","Producción de malta, elaboración de cervezas y otras bebidas malteadas.","1","3"
"79","1104","Elaboración de bebidas no alcohólicas, producción de aguas minerales y de otras aguas embotelladas.","1","3"
"80","1200","Elaboración de productos de tabaco.","1","3"
"81","1311","Preparación e hilatura de fibras textiles.","1","3"
"82","1312","Tejeduría de productos textiles.","1","3"
"83","1313","Acabado de productos textiles.","1","3"
"84","1391","Fabricación de tejidos de punto y ganchillo.","1","3"
"85","1392","Confección de artículos con materiales textiles, excepto prendas de vestir.","1","3"
"86","1393","Fabricación de tapetes y alfombras para pisos.","1","3"
"87","1394","Fabricación de cuerdas, cordeles, cables, bramantes y redes.","1","3"
"88","1399","Fabricación de otros artículos textiles n.c.p.","1","3"
"89","1410","Confección de prendas de vestir, excepto prendas de piel.","1","3"
"90","1420","Fabricación de artículos de piel.","1","3"
"91","1430","Fabricación de artículos de punto y ganchillo.","1","3"
"92","1511","Curtido y recurtido de cueros; recurtido y teñido de pieles.","1","3"
"93","1512","Fabricación de artículos de viaje, bolsos de mano y artículos similares elaborados en cuero, y fabricación de artículos de talabartería y guarnicionería.","1","3"
"94","1513","Fabricación de artículos de viaje, bolsos de mano y artículos similares; artículos de talabartería y guarnicionería elaborados en otros materiales.","1","3"
"95","1521","Fabricación de calzado de cuero y piel, con cualquier tipo de suela.","1","3"
"96","1522","Fabricación de otros tipos de calzado, excepto calzado de cuero y piel.","1","3"
"97","1523","Fabricación de partes del calzado.","1","3"
"98","1610","Aserrado, acepillado e impregnación de la madera.","1","3"
"99","1620","Fabricación de hojas de madera para enchapado; fabricación de tableros contra­chapados, tableros laminados, tableros de partículas y otros tableros y paneles.","1","3"
"100","1630","Fabricación de partes y piezas de madera, de carpintería y ebanistería para la construcción.","1","3"
"101","1640","Fabricación de recipientes de madera.","1","3"
"102","1690","Fabricación de otros productos de madera; fabricación de artículos de corcho, cestería y espartería.","1","3"
"103","1701","Fabricación de pulpas (pastas) celulósicas; papel y cartón.","1","3"
"104","1702","Fabricación de papel y cartón ondulado (corrugado); fabricación de envases, empaques y de embalajes de papel y cartón.","1","3"
"105","1709","Fabricación de otros artículos de papel y cartón.","1","3"
"106","1811","Actividades de impresión.","1","3"
"107","1812","Actividades de servicios relacionados con la impresión.","1","3"
"108","1820","Producción de copias a partir de grabaciones originales.","1","3"
"109","1910","Fabricación de productos de hornos de coque.","1","3"
"110","1921","Fabricación de productos de la refinación del petróleo.","1","3"
"111","1922","Actividad de mezcla de combustibles.","1","3"
"112","2011","Fabricación de sustancias y productos químicos básicos.","1","3"
"113","2012","Fabricación de abonos y compuestos inorgánicos nitrogenados.","1","3"
"114","2013","Fabricación de plásticos en formas primarias.","1","3"
"115","2014","Fabricación de caucho sintético en formas primarias.","1","3"
"116","2021","Fabricación de plaguicidas y otros productos químicos de uso agropecuario.","1","3"
"117","2022","Fabricación de pinturas, barnices y revestimientos similares, tintas para impresión y masillas.","1","3"
"118","2023","Fabricación de jabones y detergentes, preparados para limpiar y pulir; perfumes y preparados de tocador.","1","3"
"119","2029","Fabricación de otros productos químicos n.c.p.","1","3"
"120","2030","Fabricación de fibras sintéticas y artificiales.","1","3"
"121","2100","Fabricación de productos farmacéuticos, sustancias químicas medicinales y pro­ductos botánicos de uso farmacéutico.","1","3"
"122","2211","Fabricación de llantas y neumáticos de caucho","1","3"
"123","2212","Reencauche de llantas usadas","1","3"
"124","2219","Fabricación de formas básicas de caucho y otros productos de caucho n.c.p.","1","3"
"125","2221","Fabricación de formas básicas de plástico.","1","3"
"126","2229","Fabricación de artículos de plástico n.c.p.","1","3"
"127","2310","Fabricación de vidrio y productos de vidrio.","1","3"
"128","2391","Fabricación de productos refractarios.","1","3"
"129","2392","Fabricación de materiales de arcilla para la construcción.","1","3"
"130","2393","Fabricación de otros productos de cerámica y porcelana.","1","3"
"131","2394","Fabricación de cemento, cal y yeso.","1","3"
"132","2395","Fabricación de artículos de hormigón, cemento y yeso.","1","3"
"133","2396","Corte, tallado y acabado de la piedra.","1","3"
"134","2399","Fabricación de otros productos minerales no metálicos n.c.p.","1","3"
"135","2410","Industrias básicas de hierro y de acero.","1","3"
"136","2421","Industrias básicas de metales preciosos.","1","3"
"137","2429","Industrias básicas de otros metales no ferrosos.","1","3"
"138","2431","Fundición de hierro y de acero.","1","3"
"139","2432","Fundición de metales no ferrosos.","1","3"
"140","2511","Fabricación de productos metálicos para uso estructural.","1","3"
"141","2512","Fabricación de tanques, depósitos y recipientes de metal, excepto los utilizados para el envase o transporte de mercancías.","1","3"
"142","2513","Fabricación de generadores de vapor, excepto calderas de agua caliente para calefacción central.","1","3"
"143","2520","Fabricación de armas y municiones.","1","3"
"144","2591","Forja, prensado, estampado y laminado de metal; pulvimetalurgia.","1","3"
"145","2592","Tratamiento y revestimiento de metales; mecanizado.","1","3"
"146","2593","Fabricación de artículos de cuchillería, herramientas de mano y artículos de ferretería.","1","3"
"147","2599","Fabricación de otros productos elaborados de metal n.c.p.","1","3"
"148","2610","Fabricación de componentes y tableros electrónicos.","1","3"
"149","2620","Fabricación de computadoras y de equipo periférico.","1","3"
"150","2630","Fabricación de equipos de comunicación.","1","3"
"151","2640","Fabricación de aparatos electrónicos de consumo.","1","3"
"152","2651","Fabricación de equipo de medición, prueba, navegación y control.","1","3"
"153","2652","Fabricación de relojes.","1","3"
"154","2660","Fabricación de equipo de irradiación y equipo electrónico de uso médico y tera­péutico.","1","3"
"155","2670","Fabricación de instrumentos ópticos y equipo fotográfico.","1","3"
"156","2680","Fabricación de medios magnéticos y ópticos para almacenamiento de datos.","1","3"
"157","2711","Fabricación de motores, generadores y transformadores eléctricos.","1","3"
"158","2712","Fabricación de aparatos de distribución y control de la energía eléctrica.","1","3"
"159","2720","Fabricación de pilas, baterías y acumuladores eléctricos.","1","3"
"160","2731","Fabricación de hilos y cables eléctricos y de fibra óptica.","1","3"
"161","2732","Fabricación de dispositivos de cableado.","1","3"
"162","2740","Fabricación de equipos eléctricos de iluminación.","1","3"
"163","2750","Fabricación de aparatos de uso doméstico.","1","3"
"164","2790","Fabricación de otros tipos de equipo eléctrico n.c.p.","1","3"
"165","2811","Fabricación de motores, turbinas, y partes para motores de combustión interna.","1","3"
"166","2812","Fabricación de equipos de potencia hidráulica y neumática.","1","3"
"167","2813","Fabricación de otras bombas, compresores, grifos y válvulas.","1","3"
"168","2814","Fabricación de cojinetes, engranajes, trenes de engranajes y piezas de transmisión.","1","3"
"169","2815","Fabricación de hornos, hogares y quemadores industriales.","1","3"
"170","2816","Fabricación de equipo de elevación y manipulación.","1","3"
"171","2817","Fabricación de maquinaria y equipo de oficina (excepto computadoras y equipo periférico).","1","3"
"172","2818","Fabricación de herramientas manuales con motor.","1","3"
"173","2819","Fabricación de otros tipos de maquinaria y equipo de uso general n.c.p.","1","3"
"174","2821","Fabricación de maquinaria agropecuaria y forestal.","1","3"
"175","2822","Fabricación de máquinas formadoras de metal y de máquinas herramienta.","1","3"
"176","2823","Fabricación de maquinaria para la metalurgia.","1","3"
"177","2824","Fabricación de maquinaria para explotación de minas y canteras y para obras de construcción.","1","3"
"178","2825","Fabricación de maquinaria para la elaboración de alimentos, bebidas y tabaco.","1","3"
"179","2826","Fabricación de maquinaria para la elaboración de productos textiles, prendas de vestir y cueros.","1","3"
"180","2829","Fabricación de otros tipos de maquinaria y equipo de uso especial n.c.p.","1","3"
"181","2910","Fabricación de vehículos automotores y sus motores.","1","3"
"182","2920","Fabricación de carrocerías para vehículos automotores; fabricación de remolques y semirremolques.","1","3"
"183","2930","Fabricación de partes, piezas (autopartes) y accesorios (lujos) para vehículos automotores.","1","3"
"184","3011","Construcción de barcos y de estructuras flotantes.","1","3"
"185","3012","Construcción de embarcaciones de recreo y deporte.","1","3"
"186","3020","Fabricación de locomotoras y de material rodante para ferrocarriles.","1","3"
"187","3030","Fabricación de aeronaves, naves espaciales y de maquinaria conexa.","1","3"
"188","3040","Fabricación de vehículos militares de combate.","1","3"
"189","3091","Fabricación de motocicletas.","1","3"
"190","3092","Fabricación de bicicletas y de sillas de ruedas para personas con discapacidad.","1","3"
"191","3099","Fabricación de otros tipos de equipo de transporte n.c.p.","1","3"
"192","3110","Fabricación de muebles.","1","3"
"193","3120","Fabricación de colchones y somieres.","1","3"
"194","3210","Fabricación de joyas, bisutería y artículos conexos.","1","3"
"195","3220","Fabricación de instrumentos musicales.","1","3"
"196","3230","Fabricación de artículos y equipo para la práctica del deporte.","1","3"
"197","3240","Fabricación de juegos, juguetes y rompecabezas.","1","3"
"198","3250","Fabricación de instrumentos, aparatos y materiales médicos y odontológicos (incluido mobiliario).","1","3"
"199","3290","Otras industrias manufactureras n.c.p.","1","3"
"200","3311","Mantenimiento y reparación especializado de productos elaborados en metal.","1","3"
"201","3312","Mantenimiento y reparación especializado de maquinaria y equipo.","1","3"
"202","3313","Mantenimiento y reparación especializado de equipo electrónico y óptico.","1","3"
"203","3314","Mantenimiento y reparación especializado de equipo eléctrico.","1","3"
"204","3315","Mantenimiento y reparación especializado de equipo de transporte, excepto los vehículos automotores, motocicletas y bicicletas.","1","3"
"205","3319","Mantenimiento y reparación de otros tipos de equipos y sus componentes n.c.p.","1","3"
"206","3320","Instalación especializada de maquinaria y equipo industrial.","1","3"
"207","3511","Generación de energía eléctrica.","1","3"
"208","3512","Transmisión de energía eléctrica.","1","3"
"209","3513","Distribución de energía eléctrica.","1","3"
"210","3514","Comercialización de energía eléctrica.","1","3"
"211","3520","Producción de gas; distribución de combustibles gaseosos por tuberías.","1","3"
"212","3530","Suministro de vapor y aire acondicionado.","1","3"
"213","3600","Captación, tratamiento y distribución de agua.","1","3"
"214","3700","Evacuación y tratamiento de aguas residuales.","1","3"
"215","3811","Recolección de desechos no peligrosos.","1","3"
"216","3812","Recolección de desechos peligrosos.","1","3"
"217","3821","Tratamiento y disposición de desechos no peligrosos.","1","3"
"218","3822","Tratamiento y disposición de desechos peligrosos.","1","3"
"219","3830","Recuperación de materiales.","1","3"
"220","3900","Actividades de saneamiento ambiental y otros servicios de gestión de desechos.","1","3"
"221","4111","Construcción de edificios residenciales.","1","3"
"222","4112","Construcción de edificios no residenciales.","1","3"
"223","4210","Construcción de carreteras y vías de ferrocarril.","1","3"
"224","4220","Construcción de proyectos de servicio público.","1","3"
"225","4290","Construcción de otras obras de ingeniería civil.","1","3"
"226","4311","Demolición.","1","3"
"227","4312","Preparación del terreno.","1","3"
"228","4321","Instalaciones eléctricas.","1","3"
"229","4322","Instalaciones de fontanería, calefacción y aire acondicionado.","1","3"
"230","4329","Otras instalaciones especializadas.","1","3"
"231","4330","Terminación y acabado de edificios y obras de ingeniería civil.","1","3"
"232","4390","Otras actividades especializadas para la construcción de edificios y obras de ingeniería civil.","1","3"
"233","4511","Comercio de vehículos automotores nuevos.","1","3"
"234","4512","Comercio de vehículos automotores usados.","1","3"
"235","4520","Mantenimiento y reparación de vehículos automotores.","1","3"
"236","4530","Comercio de partes, piezas (autopartes) y accesorios (lujos) para vehículos au­tomotores.","1","3"
"237","4541","Comercio de motocicletas y de sus partes, piezas y accesorios.","1","3"
"238","4542","Mantenimiento y reparación de motocicletas y de sus partes y piezas.","1","3"
"239","4610","Comercio al por mayor a cambio de una retribución o por contrata.","1","3"
"240","4620","Comercio al por mayor de materias primas agropecuarias; animales vivos.","1","3"
"241","4631","Comercio al por mayor de productos alimenticios.","1","3"
"242","4632","Comercio al por mayor de bebidas y tabaco.","1","3"
"243","4641","Comercio al por mayor de productos textiles, productos confeccionados para uso doméstico.","1","3"
"244","4642","Comercio al por mayor de prendas de vestir.","1","3"
"245","4643","Comercio al por mayor de calzado.","1","3"
"246","4644","Comercio al por mayor de aparatos y equipo de uso doméstico.","1","3"
"247","4645","Comercio al por mayor de productos farmacéuticos, medicinales, cosméticos y de tocador.","1","3"
"248","4649","Comercio al por mayor de otros utensilios domésticos n.c.p.","1","3"
"249","4651","Comercio al por mayor de computadores, equipo periférico y programas de informática.","1","3"
"250","4652","Comercio al por mayor de equipo, partes y piezas electrónicos y de telecomuni­caciones.","1","3"
"251","4653","Comercio al por mayor de maquinaria y equipo agropecuarios.","1","3"
"252","4659","Comercio al por mayor de otros tipos de maquinaria y equipo n.c.p.","1","3"
"253","4661","Comercio al por mayor de combustibles sólidos, líquidos, gaseosos y productos conexos.","1","3"
"254","4662","Comercio al por mayor de metales y productos metalíferos.","1","3"
"255","4663","Comercio al por mayor de materiales de construcción, artículos de ferretería, pinturas, productos de vidrio, equipo y materiales de fontanería y calefacción.","1","3"
"256","4664","Comercio al por mayor de productos químicos básicos, cauchos y plásticos en formas primarias y productos químicos de uso agropecuario.","1","3"
"257","4665","Comercio al por mayor de desperdicios, desechos y chatarra.","1","3"
"258","4669","Comercio al por mayor de otros productos n.c.p.","1","3"
"259","4690","Comercio al por mayor no especializado.","1","3"
"260","4711","Comercio al por menor en establecimientos no especializados con surtido com­puesto principalmente por alimentos, bebidas o tabaco.","1","3"
"261","4719","Comercio al por menor en establecimientos no especializados, con surtido compuesto principalmente por productos diferentes de alimentos (víveres en general), bebidas y tabaco.","1","3"
"262","4721","Comercio al por menor de productos agrícolas para el consumo en establecimientos especializados.","1","3"
"263","4722","Comercio al por menor de leche, productos lácteos y huevos, en establecimientos especializados.","1","3"
"264","4723","Comercio al por menor de carnes (incluye aves de corral), productos cárnicos, pescados y productos de mar, en establecimientos especializados.","1","3"
"265","4724","Comercio al por menor de bebidas y productos del tabaco, en establecimientos especializados.","1","3"
"266","4729","Comercio al por menor de otros productos alimenticios n.c.p., en establecimientos especializados.","1","3"
"267","4731","Comercio al por menor de combustible para automotores.","1","3"
"268","4732","Comercio al por menor de lubricantes (aceites, grasas), aditivos y productos de limpieza para vehículos automotores.","1","3"
"269","4741","Comercio al por menor de computadores, equipos periféricos, programas de in­formática y equipos de telecomunicaciones en establecimientos especializados.","1","3"
"270","4742","Comercio al por menor de equipos y aparatos de sonido y de video, en estable­cimientos especializados.","1","3"
"271","4751","Comercio al por menor de productos textiles en establecimientos especializados.","1","3"
"272","4752","Comercio al por menor de artículos de ferretería, pinturas y productos de vidrio en establecimientos especializados.","1","3"
"273","4753","Comercio al por menor de tapices, alfombras y cubrimientos para paredes y pisos en establecimientos especializados.","1","3"
"274","4754","Comercio al por menor de electrodomésticos y gasodomésticos de uso doméstico, muebles y equipos de iluminación.","1","3"
"275","4755","Comercio al por menor de artículos y utensilios de uso doméstico.","1","3"
"276","4759","Comercio al por menor de otros artículos domésticos en establecimientos espe­cializados.","1","3"
"277","4761","Comercio al por menor de libros, periódicos, materiales y artículos de papelería y escritorio, en establecimientos especializados.","1","3"
"278","4762","Comercio al por menor de artículos deportivos, en establecimientos especializados.","1","3"
"279","4769","Comercio al por menor de otros artículos culturales y de entretenimiento n.c.p. en establecimientos especializados.","1","3"
"280","4771","Comercio al por menor de prendas de vestir y sus accesorios (incluye artículos de piel) en establecimientos especializados.","1","3"
"281","4772","Comercio al por menor de todo tipo de calzado y artículos de cuero y sucedáneos del cuero en establecimientos especializados.","1","3"
"282","4773","Comercio al por menor de productos farmacéuticos y medicinales, cosméticos y artículos de tocador en establecimientos especializados.","1","3"
"283","4774","Comercio al por menor de otros productos nuevos en establecimientos especializados.","1","3"
"284","4775","Comercio al por menor de artículos de segunda mano.","1","3"
"285","4781","Comercio al por menor de alimentos, bebidas y tabaco, en puestos de venta móviles.","1","3"
"286","4782","Comercio al por menor de productos textiles, prendas de vestir y calzado, en puestos de venta móviles.","1","3"
"287","4789","Comercio al por menor de otros productos en puestos de venta móviles.","1","3"
"288","4791","Comercio al por menor realizado a través de internet.","1","3"
"289","4792","Comercio al por menor realizado a través de casas de venta o por correo.","1","3"
"290","4799","Otros tipos de comercio al por menor no realizado en establecimientos, puestos de venta o mercados.","1","3"
"291","4911","Transporte férreo de pasajeros.","1","3"
"292","4912","Transporte férreo de carga.","1","3"
"293","4921","Transporte de pasajeros.","1","3"
"294","4922","Transporte mixto.","1","3"
"295","4923","Transporte de carga por carretera.","1","3"
"296","4930","Transporte por tuberías.","1","3"
"297","5011","Transporte de pasajeros marítimo y de cabotaje.","1","3"
"298","5012","Transporte de carga marítimo y de cabotaje.","1","3"
"299","5021","Transporte fluvial de pasajeros.","1","3"
"300","5022","Transporte fluvial de carga.","1","3"
"301","5111","Transporte aéreo nacional de pasajeros.","1","3"
"302","5112","Transporte aéreo internacional de pasajeros.","1","3"
"303","5121","Transporte aéreo nacional de carga.","1","3"
"304","5122","Transporte aéreo internacional de carga.","1","3"
"305","5210","Almacenamiento y depósito.","1","3"
"306","5221","Actividades de estaciones, vías y servicios complementarios para el transporte terrestre.","1","3"
"307","5222","Actividades de puertos y servicios complementarios para el transporte acuático.","1","3"
"308","5223","Actividades de aeropuertos, servicios de navegación aérea y demás actividades conexas al transporte aéreo.","1","3"
"309","5224","Manipulación de carga.","1","3"
"310","5229","Otras actividades complementarias al transporte.","1","3"
"311","5310","Actividades postales nacionales.","1","3"
"312","5320","Actividades de mensajería.","1","3"
"313","5511","Alojamiento en hoteles.","1","3"
"314","5512","Alojamiento en apartahoteles.","1","3"
"315","5513","Alojamiento en centros vacacionales.","1","3"
"316","5514","Alojamiento rural.","1","3"
"317","5519","Otros tipos de alojamientos para visitantes.","1","3"
"318","5520","Actividades de zonas de camping y parques para vehículos recreacionales.","1","3"
"319","5530","Servicio por horas","1","3"
"320","5590","Otros tipos de alojamiento n.c.p.","1","3"
"321","5611","Expendio a la mesa de comidas preparadas.","1","3"
"322","5612","Expendio por autoservicio de comidas preparadas.","1","3"
"323","5613","Expendio de comidas preparadas en cafeterías.","1","3"
"324","5619","Otros tipos de expendio de comidas preparadas n.c.p.","1","3"
"325","5621","Catering para eventos.","1","3"
"326","5629","Actividades de otros servicios de comidas.","1","3"
"327","5630","Expendio de bebidas alcohólicas para el consumo dentro del establecimiento.","1","3"
"328","5811","Edición de libros.","1","3"
"329","5812","Edición de directorios y listas de correo.","1","3"
"330","5813","Edición de periódicos, revistas y otras publicaciones periódicas.","1","3"
"331","5819","Otros trabajos de edición.","1","3"
"332","5820","Edición de programas de informática (software).","1","3"
"333","5911","Actividades de producción de películas cinematográficas, videos, programas, anuncios y comerciales de televisión.","1","3"
"334","5912","Actividades de posproducción de películas cinematográficas, videos, programas, anuncios y comerciales de televisión.","1","3"
"335","5913","Actividades de distribución de películas cinematográficas, videos, programas, anuncios y comerciales de televisión.","1","3"
"336","5914","Actividades de exhibición de películas cinematográficas y videos.","1","3"
"337","5920","Actividades de grabación de sonido y edición de música.","1","3"
"338","6010","Actividades de programación y transmisión en el servicio de radiodifusión sonora.","1","3"
"339","6020","Actividades de programación y transmisión de televisión.","1","3"
"340","6110","Actividades de telecomunicaciones alámbricas.","1","3"
"341","6120","Actividades de telecomunicaciones inalámbricas.","1","3"
"342","6130","Actividades de telecomunicación satelital.","1","3"
"343","6190","Otras actividades de telecomunicaciones.","1","3"
"344","6201","Actividades de desarrollo de sistemas informáticos (planificación, análisis, diseño, programación, pruebas).","1","3"
"345","6202","Actividades de consultoría informática y actividades de administración de insta­laciones informáticas.","1","3"
"346","6209","Otras actividades de tecnologías de información y actividades de servicios in­formáticos.","1","3"
"347","6311","Procesamiento de datos, alojamiento (hosting) y actividades relacionadas.","1","3"
"348","6312","Portales web.","1","3"
"349","6391","Actividades de agencias de noticias.","1","3"
"350","6399","Otras actividades de servicio de información n.c.p.","1","3"
"351","6411","Banco Central.","1","3"
"352","6412","Bancos comerciales.","1","3"
"353","6421","Actividades de las corporaciones financieras.","1","3"
"354","6422","Actividades de las compañías de financiamiento.","1","3"
"355","6423","Banca de segundo piso.","1","3"
"356","6424","Actividades de las cooperativas financieras.","1","3"
"357","6431","Fideicomisos, fondos y entidades financieras similares.","1","3"
"358","6432","Fondos de cesantías.","1","3"
"359","6491","Leasing financiero (arrendamiento financiero).","1","3"
"360","6492","Actividades financieras de fondos de empleados y otras formas asociativas del sector solidario.","1","3"
"361","6493","Actividades de compra de cartera o factoring.","1","3"
"362","6494","Otras actividades de distribución de fondos.","1","3"
"363","6495","Instituciones especiales oficiales.","1","3"
"364","6499","Otras actividades de servicio financiero, excepto las de seguros y pensiones n.c.p.","1","3"
"365","6511","Seguros generales.","1","3"
"366","6512","Seguros de vida.","1","3"
"367","6513","Reaseguros.","1","3"
"368","6514","Capitalización.","1","3"
"369","6521","Servicios de seguros sociales de salud.","1","3"
"370","6522","Servicios de seguros sociales de riesgos profesionales.","1","3"
"371","6531","Régimen de prima media con prestación definida (RPM).","1","3"
"372","6532","Régimen de ahorro individual (RAI).","1","3"
"373","6611","Administración de mercados financieros.","1","3"
"374","6612","Corretaje de valores y de contratos de productos básicos.","1","3"
"375","6613","Otras actividades relacionadas con el mercado de valores.","1","3"
"376","6614","Actividades de las casas de cambio.","1","3"
"377","6615","Actividades de los profesionales de compra y venta de divisas.","1","3"
"378","6619","Otras actividades auxiliares de las actividades de servicios financieros n.c.p.","1","3"
"379","6621","Actividades de agentes y corredores de seguros","1","3"
"380","6629","Evaluación de riesgos y daños, y otras actividades de servicios auxiliares","1","3"
"381","6630","Actividades de administración de fondos.","1","3"
"382","6810","Actividades inmobiliarias realizadas con bienes propios o arrendados.","1","3"
"383","6820","Actividades inmobiliarias realizadas a cambio de una retribución o por contrata.","1","3"
"384","6910","Actividades jurídicas.","1","3"
"385","6920","Actividades de contabilidad, teneduría de libros, auditoría financiera y asesoría tributaria.","1","3"
"386","7010","Actividades de administración empresarial.","1","3"
"387","7020","Actividades de consultaría de gestión.","1","3"
"388","7110","Actividades de arquitectura e ingeniería y otras actividades conexas de consultoría técnica.","1","3"
"389","7120","Ensayos y análisis técnicos.","1","3"
"390","7210","Investigaciones y desarrollo experimental en el campo de las ciencias naturales y la ingeniería.","1","3"
"391","7220","Investigaciones y desarrollo experimental en el campo de las ciencias sociales y las humanidades.","1","3"
"392","7310","Publicidad.","1","3"
"393","7320","Estudios de mercado y realización de encuestas de opinión pública.","1","3"
"394","7410","Actividades especializadas de diseño.","1","3"
"395","7420","Actividades de fotografía.","1","3"
"396","7490","Otras actividades profesionales, científicas y técnicas n.c.p.","1","3"
"397","7500","Actividades veterinarias.","1","3"
"398","7710","Alquiler y arrendamiento de vehículos automotores.","1","3"
"399","7721","Alquiler y arrendamiento de equipo recreativo y deportivo.","1","3"
"400","7722","Alquiler de videos y discos.","1","3"
"401","7729","Alquiler y arrendamiento de otros efectos personales y enseres domésticos n.c.p.","1","3"
"402","7730","Alquiler y arrendamiento de otros tipos de maquinaria, equipo y bienes tangibles n.c.p.","1","3"
"403","7740","Arrendamiento de propiedad intelectual y productos similares, excepto obras protegidas por derechos de autor.","1","3"
"404","7810","Actividades de agencias de empleo.","1","3"
"405","7820","Actividades de agencias de empleo temporal.","1","3"
"406","7830","Otras actividades de suministro de recurso humano.","1","3"
"407","7911","Actividades de las agencias de viaje.","1","3"
"408","7912","Actividades de operadores turísticos.","1","3"
"409","7990","Otros servicios de reserva y actividades relacionadas.","1","3"
"410","8010","Actividades de seguridad privada.","1","3"
"411","8020","Actividades de servicios de sistemas de seguridad.","1","3"
"412","8030","Actividades de detectives e investigadores privados.","1","3"
"413","8110","Actividades combinadas de apoyo a instalaciones.","1","3"
"414","8121","Limpieza general interior de edificios.","1","3"
"415","8129","Otras actividades de limpieza de edificios e instalaciones industriales.","1","3"
"416","8130","Actividades de paisajismo y servicios de mantenimiento conexos.","1","3"
"417","8211","Actividades combinadas de servicios administrativos de oficina.","1","3"
"418","8219","Fotocopiado, preparación de documentos y otras actividades especializadas de apoyo a oficina.","1","3"
"419","8220","Actividades de centros de llamadas (Call center).","1","3"
"420","8230","Organización de convenciones y eventos comerciales.","1","3"
"421","8291","Actividades de agencias de cobranza y oficinas de calificación crediticia.","1","3"
"422","8292","Actividades de envase y empaque.","1","3"
"423","8299","Otras actividades de servicio de apoyo a las empresas n.c.p.","1","3"
"424","8411","Actividades legislativas de la administración pública.","1","3"
"425","8412","Actividades ejecutivas de la administración pública.","1","3"
"426","8413","Regulación de las actividades de organismos que prestan servicios de salud, edu­cativos, culturales y otros servicios sociales, excepto servicios de seguridad social.","1","3"
"427","8414","Actividades reguladoras y facilitadoras de la actividad económica.","1","3"
"428","8415","Actividades de los otros órganos de control.","1","3"
"429","8421","Relaciones exteriores.","1","3"
"430","8422","Actividades de defensa.","1","3"
"431","8423","Orden público y actividades de seguridad.","1","3"
"432","8424","Administración de justicia.","1","3"
"433","8430","Actividades de planes de seguridad social de afiliación obligatoria.","1","3"
"434","8511","Educación de la primera infancia.","1","3"
"435","8512","Educación preescolar.","1","3"
"436","8513","Educación básica primaria.","1","3"
"437","8521","Educación básica secundaria.","1","3"
"438","8522","Educación media académica.","1","3"
"439","8523","Educación media técnica y de formación laboral.","1","3"
"440","8530","Establecimientos que combinan diferentes niveles de educación.","1","3"
"441","8541","Educación técnica profesional.","1","3"
"442","8542","Educación tecnológica.","1","3"
"443","8543","Educación de instituciones universitarias o de escuelas tecnológicas.","1","3"
"444","8544","Educación de universidades.","1","3"
"445","8551","Formación académica no formal.","1","3"
"446","8552","Enseñanza deportiva y recreativa.","1","3"
"447","8553","Enseñanza cultural.","1","3"
"448","8559","Otros tipos de educación n.c.p.","1","3"
"449","8560","Actividades de apoyo a la educación.","1","3"
"450","8610","Actividades de hospitales y clínicas, con internación.","1","3"
"451","8621","Actividades de la práctica médica, sin internación.","1","3"
"452","8622","Actividades de la práctica odontológica.","1","3"
"453","8691","Actividades de apoyo diagnóstico.","1","3"
"454","8692","Actividades de apoyo terapéutico.","1","3"
"455","8699","Otras actividades de atención de la salud humana.","1","3"
"456","8710","Actividades de atención residencial medicalizada de tipo general.","1","3"
"457","8720","Actividades de atención residencial, para el cuidado de pacientes con retardo mental, enfermedad mental y consumo de sustancias psicoactivas.","1","3"
"458","8730","Actividades de atención en instituciones para el cuidado de personas mayores y/o discapacitadas.","1","3"
"459","8790","Otras actividades de atención en instituciones con alojamiento","1","3"
"460","8810","Actividades de asistencia social sin alojamiento para personas mayores y disca­pacitadas.","1","3"
"461","8890","Otras actividades de asistencia social sin alojamiento.","1","3"
"462","9001","Creación literaria.","1","3"
"463","9002","Creación musical.","1","3"
"464","9003","Creación teatral.","1","3"
"465","9004","Creación audiovisual.","1","3"
"466","9005","Artes plásticas y visuales.","1","3"
"467","9006","Actividades teatrales.","1","3"
"468","9007","Actividades de espectáculos musicales en vivo.","1","3"
"469","9008","Otras actividades de espectáculos en vivo.","1","3"
"470","9101","Actividades de bibliotecas y archivos.","1","3"
"471","9102","Actividades y funcionamiento de museos, conservación de edificios y sitios históricos.","1","3"
"472","9103","Actividades de jardines botánicos, zoológicos y reservas naturales.","1","3"
"473","9200","Actividades de juegos de azar y apuestas.","1","3"
"474","9311","Gestión de instalaciones deportivas.","1","3"
"475","9312","Actividades de clubes deportivos.","1","3"
"476","9319","Otras actividades deportivas.","1","3"
"477","9321","Actividades de parques de atracciones y parques temáticos.","1","3"
"478","9329","Otras actividades recreativas y de esparcimiento n.c.p.","1","3"
"479","9411","Actividades de asociaciones empresariales y de empleadores","1","3"
"480","9412","Actividades de asociaciones profesionales","1","3"
"481","9420","Actividades de sindicatos de empleados.","1","3"
"482","9491","Actividades de asociaciones religiosas.","1","3"
"483","9492","Actividades de asociaciones políticas.","1","3"
"484","9499","Actividades de otras asociaciones n.c.p.","1","3"
"485","9511","Mantenimiento y reparación de computadores y de equipo periférico.","1","3"
"486","9512","Mantenimiento y reparación de equipos de comunicación.","1","3"
"487","9521","Mantenimiento y reparación de aparatos electrónicos de consumo.","1","3"
"488","9522","Mantenimiento y reparación de aparatos y equipos domésticos y de jardinería.","1","3"
"489","9523","Reparación de calzado y artículos de cuero.","1","3"
"490","9524","Reparación de muebles y accesorios para el hogar.","1","3"
"491","9529","Mantenimiento y reparación de otros efectos personales y enseres domésticos.","1","3"
"492","9601","Lavado y limpieza, incluso la limpieza en seco, de productos textiles y de piel.","1","3"
"493","9602","Peluquería y otros tratamientos de belleza.","1","3"
"494","9603","Pompas fúnebres y actividades relacionadas.","1","3"
"495","9609","Otras actividades de servicios personales n.c.p.","1","3"
"496","9700","Actividades de los hogares individuales como empleadores de personal doméstico.","1","3"
"497","9810","Actividades no diferenciadas de los hogares individuales como productores de bienes para uso propio.","1","3"
"498","9820","Actividades no diferenciadas de los hogares individuales como productores de servicios para uso propio.","1","3"
"499","9900","Actividades de organizaciones y entidades extraterritoriales.","1","3"
